{"C": 0.37862757685774495, "class_weight": {"0": 1, "1": 8}, "dual": false, "max_iter": 1000, "penalty": "l2", "solver": "liblinear", "tol": 0.0035611247040076444}